<?xml version="1.0" encoding="UTF-8"?>
<beans xmlns="http://www.springframework.org/schema/beans"
       xmlns:xsi="http://www.w3.org/2001/XMLSchema-instance"
       xmlns:p="http://www.springframework.org/schema/p"
       xmlns:aop="http://www.springframework.org/schema/aop"
       xsi:schemaLocation="http://www.springframework.org/schema/beans http://www.springframework.org/schema/beans/spring-beans-2.0.xsd
       http://www.springframework.org/schema/aop http://www.springframework.org/schema/aop/spring-aop-2.5.xsd">
	<description>
	Configuration file for the Inspektr package which handles auditing and statistics for Java applications.  If enabled this should be modified
	to log audit and statistics information the same way your local applications do.  The default is currently to log to the console which 
	is good for debugging/testing purposes.
	</description>

	<aop:aspectj-autoproxy/> 
	
	<bean id="statisticManagementAspect" class="org.inspektr.statistics.StatisticManagementAspect">
		<constructor-arg index="0">
			<list>
              <bean class="org.inspektr.statistics.support.InMemoryStatisticManager" />
			</list>
		</constructor-arg>
		<constructor-arg index="1" value="CAS" />
	</bean>

	<bean id="auditTrailManagementAspect" class="org.inspektr.audit.AuditTrailManagementAspect">
		<constructor-arg index="0" ref="auditablePrincipalResolver" />
		<constructor-arg index="1">
         	<list>
	         	<bean class="org.jasig.cas.audit.spi.CredentialsAsFirstParameterResourceResolver" />
	         	<bean class="org.jasig.cas.audit.spi.TicketAsFirstParameterResourceResolver" />
	         	<bean class="org.jasig.cas.audit.spi.ServiceResourceResolver" />
			</list>
		</constructor-arg>
		<constructor-arg index="2">
			<list>
				<bean class="org.inspektr.audit.support.ConsoleAuditTrailManager" />
			</list>
      	</constructor-arg>
		<constructor-arg index="3" value="CAS" />
   </bean>

	<bean id="auditablePrincipalResolver" class="org.jasig.cas.audit.spi.TicketOrCredentialBasedAuditablePrincipalResolver">
		<constructor-arg index="0" ref="ticketRegistry" />
	</bean>
</beans>
