<assembly>
	<id>release</id>
	<formats>
		<format>zip</format>
		<format>tar.gz</format>
	</formats>
	<includeBaseDirectory>true</includeBaseDirectory>
	<fileSets>
		<fileSet>
			<lineEnding>unix</lineEnding>
			<useDefaultExcludes>true</useDefaultExcludes>
			<useStrictFiltering>false</useStrictFiltering>
			<directory>${basedir}</directory>
			<outputDirectory></outputDirectory>
			<includes>
				<include>*.xml</include>
				<include>*.txt</include>
			</includes>
		</fileSet>
	</fileSets>
	<moduleSets>
		<moduleSet>
			<includes></includes>
			<excludes>
				<exclude>cas-server-webapp</exclude>
			</excludes>
			<sources>
 				<fileSets>
					<fileSet>
						<directory>src</directory>
						<outputDirectory>src</outputDirectory>
						<lineEnding>unix</lineEnding>
						<useDefaultExcludes>true</useDefaultExcludes>
                        <includes>
                            <include>**/*.java</include>
                            <include>**/*.xml</include>
                            <include>**/*.properties</include>
                            <include>**/*.jsp</include>
                            <include>**/*.css</include>
                            <include>**/*.jsp</include>
                            <include>**/*.html</include>
                            <include>**/*.txt</include>
                        </includes>
					</fileSet>

                     <fileSet>
                         <directory>src</directory>
                         <outputDirectory>src</outputDirectory>
                         <includes>
                             <include>**/*.gif</include>
                             <include>**/*.ico</include>
                         </includes>
                     </fileSet>
					
					<fileSet>
						<lineEnding>unix</lineEnding>
						<useDefaultExcludes>true</useDefaultExcludes>
						<includes>
							<include>*.xml</include>
						</includes>
					</fileSet>
					
					<fileSet>
						<lineEnding>unix</lineEnding>
						<directory>target/site/apidocs/</directory>
						<useDefaultExcludes>true</useDefaultExcludes>
						<outputDirectory>docs</outputDirectory>
						<includes>
							<include>**/*</include>
						</includes>
					</fileSet>
				</fileSets>

 				<includeModuleDirectory>true</includeModuleDirectory>
				<useDefaultExcludes>true</useDefaultExcludes>
			</sources>
			<binaries>
				<outputDirectory>modules</outputDirectory>
				<includeDependencies>false</includeDependencies>
				<unpack>false</unpack>
 				<useDefaultExcludes>true</useDefaultExcludes>
				<includes />
			</binaries>
		</moduleSet>

		<moduleSet>
			<includes>
				<include>cas-server-webapp</include>
			</includes>
			<sources>
 				<fileSets>
					<fileSet>
						<lineEnding>unix</lineEnding>
						<useDefaultExcludes>true</useDefaultExcludes>
						<includes>
							<include>*.xml</include>
						</includes>
					</fileSet>
				</fileSets>
 				<includeModuleDirectory>true</includeModuleDirectory>
				<useDefaultExcludes>true</useDefaultExcludes>
			</sources>
			<binaries>
				<outputDirectory>modules</outputDirectory>
				<includeDependencies>false</includeDependencies>
				<unpack>false</unpack>
 				<useDefaultExcludes>true</useDefaultExcludes>
 				<outputFileNameMapping>cas.war</outputFileNameMapping>
				<includes />
			</binaries>
		</moduleSet>
	</moduleSets>
</assembly>
