<?xml version="1.0" encoding="UTF-8"?>
<beans xmlns="http://www.springframework.org/schema/beans"
       xmlns:xsi="http://www.w3.org/2001/XMLSchema-instance"
       xmlns:p="http://www.springframework.org/schema/p"
       xmlns:tx="http://www.springframework.org/schema/tx"
       xmlns:sec="http://www.springframework.org/schema/security"
       xsi:schemaLocation="http://www.springframework.org/schema/beans http://www.springframework.org/schema/beans/spring-beans-2.0.xsd
       http://www.springframework.org/schema/tx http://www.springframework.org/schema/tx/spring-tx-2.0.xsd
       http://www.springframework.org/schema/security http://www.springframework.org/schema/security/spring-security-2.0.1.xsd">
	<description>
		This is the configuration file for the Spring Security configuration used with the services management tool.  You shouldn't
		have to modify anything in this file directly.  The configuration options should all be in the cas.properties file.
	</description>

	<sec:http entry-point-ref="casProcessingFilterEntryPoint">
		<sec:intercept-url pattern="/services/loggedout.html" filters="none" /> 
    	<sec:intercept-url pattern="/**" access="ROLE_ADMIN" />
        <sec:logout logout-url="/services/logout.html" logout-success-url="/services/loggedOut.html" />
    </sec:http>

	<sec:authentication-manager alias="casAuthenticationManager"/>
	
	<bean id="serviceProperties" class="org.springframework.security.ui.cas.ServiceProperties"
		p:service="${cas.securityContext.serviceProperties.service}"
		p:sendRenew="false" />
      
	<bean id="casProcessingFilter" class="org.springframework.security.ui.cas.CasProcessingFilter"
		p:authenticationManager-ref="casAuthenticationManager"
		p:authenticationFailureUrl="/authorizationFailure.jsp"
		p:alwaysUseDefaultTargetUrl="true"
		p:filterProcessesUrl="/services/j_acegi_cas_security_check"
		p:defaultTargetUrl="/services/manage.html">
  		<sec:custom-filter after="CAS_PROCESSING_FILTER" />
	</bean>

	<bean id="casProcessingFilterEntryPoint" class="org.springframework.security.ui.cas.CasProcessingFilterEntryPoint"
		p:loginUrl="${cas.securityContext.casProcessingFilterEntryPoint.loginUrl}"
		p:serviceProperties-ref="serviceProperties" />

	<bean id="casAuthenticationProvider" class="org.springframework.security.providers.cas.CasAuthenticationProvider"
		p:key="my_password_for_this_auth_provider_only"
		p:serviceProperties-ref="serviceProperties"
		p:userDetailsService-ref="userDetailsService">
	    <sec:custom-authentication-provider />
	    <property name="ticketValidator">
	      <bean class="org.jasig.cas.client.validation.Cas20ServiceTicketValidator">
	        <constructor-arg index="0" value="${cas.securityContext.ticketValidator.casServerUrlPrefix}" />
	        </bean>
	    </property>
	</bean>
</beans>
